Addresses
"[Shen, Hongtao] Jinan Univ, Dept Accounting, Guangzhou, Peoples R China; [Wu, Huiying] Western Sydney Univ, Sch Business, Dept Accounting, Sydney, NSW, Australia; [Wu, Xiting] Xiamen Univ, Xiamen, Peoples R China; [You, Jiaxing] Xiamen Univ, Sch Management, Dept Finance, Xiamen, Peoples R China"
"[Wan, Liangyong; Ren, Liuyang] South China Univ Technol, Sch Business Adm, Guangzhou 510640, Guangdong, Peoples R China; [Lin, Bingxuan; Xu, Xiaowei] Univ Rhode Isl, Coll Business, Kingston, RI 02881 USA; [Lin, Bingxuan] Sun Yat Sen Univ, Sch Business, Guangzhou 510275, Guangdong, Peoples R China"
"[Shi, Haina] Fudan Univ, Sch Management, Dept Accounting, Shanghai, Peoples R China; [Wen, Wen] Beijing Foreign Studies Univ, Int Business Sch, Beijing, Peoples R China; [Zhou, Gaoguang] Hong Kong Baptist Univ, Dept Accountancy & Law, Hong Kong, Peoples R China; [Zhu, Xindong (Kevin)] City Univ Hong Kong, Dept Accountancy, Hong Kong, Peoples R China"
"[Xue, Fujing; Li, Xiaoyu; Zhang, Ting; Hu, Nan] Xi An Jiao Tong Univ, Sch Management, Xian, Peoples R China"
"[He, Chang] City Univ Hong Kong, Coll Business, Dept Accountancy, Hong Kong, Peoples R China; [Li, Chao Kevin; Monroe, Gary S.] UNSW Sydney, Business Sch, Sch Accounting Auditing & Taxat, Sydney, NSW, Australia; [Si, Yi] Xi An Jiao Tong Univ, Sch Management, Dept Accounting & Finance, Xian, Shaanxi, Peoples R China"
"[Li, Liuchuang; Qi, Baolei] Xi An Jiao Tong Univ, Sch Management, Xian, Shaanxi, Peoples R China; [Zhang, Jieying] Univ Texas Dallas, Naveen Jindal Sch Management, Dept Accounting, Dallas, TX USA"
"[Doxey, Marcus M.; Lopez, Thomas J.; Swanquist, Quinn T.] Univ Alabama, Tuscaloosa, AL 35487 USA; [Lawson, James G.] Bucknell Univ, Lewisburg, PA 17837 USA"
"[Zhang, Yanan; Zhu, Bing] Cent Univ Finance & Econ, Sch Accountancy, 39 South Coll Rd, Beijing 100081, Peoples R China"
"[Zimmerman, Aleksandra B.] Florida State Univ, Coll Business, Dept Accountancy, Tallahassee, FL 32306 USA; [Bills, Kenneth L.] Michigan State Univ, Eli Broad Coll Business, Dept Accounting & Informat Syst, E Lansing, MI 48824 USA; [Causholli, Monika] Univ Kentucky, Garton Coll Business & Econ, Von Allmen Sch Accountancy, Dept Accountancy, Lexington, KY USA"
"[Ocak, Murat; Kablan, Ali] Trakya Univ, Uzunkopru Sch Appl Sci, Uzunkopru Campus, TR-22300 Uzunkopru, Edirne, Turkey; [Dursun, Gunay Deniz] Istanbul Aydin Univ, Fac Econ & Adm Sci, Istanbul, Turkey"
"[Hao, Jie] Susquehanna Univ, 514 Univ Ave, Selinsgrove, PA 17870 USA; [Pham, Viet] Wright State Univ, 3640 Colonel Glenn Highway, Dayton, OH 45435 USA; [Guo, Meng] Eastern Connecticut State Univ, 83 Windham St, Willimantic, CT 06226 USA"
"[Chu, Jenny] Univ Cambridge, Cambridge Judge Business Sch, Cambridge, England; [Florou, Annita; Pope, Peter F.] Bocconi Univ, Dept Accounting, Milan, Italy"
"[Jiu, Lili] Chinese Univ Hong Kong, Hong Kong, Peoples R China; [Liu, Bin] Chongqing Univ, Chongqing, Peoples R China; [Liu, Yuanyuan] Xiamen Univ, Xiamen, Peoples R China"
"[Chen, Huangyue; Tan, Xiaoping] University of Chicago, Sch Management, Guangzhou, Peoples R China; [Cao, Qun] China Agr Univ, Beijing, Peoples R China"
"[Cheng, C. S. Agnes] Hong Kong Polytech Univ, Sch Accounting & Finance, Hung Hom, Hong Kong, Peoples R China; [Wang, Kun] Tsinghua Univ, Sch Econ & Management, Beijing, Peoples R China; [Xu, Yanping] Jinan Univ, Sch Management, Guangzhou, Peoples R China; [Zhang, Ning] Queens Univ, Smith Sch Business, Kingston, ON, Canada"
"[Kend, Michael; Nguyen, Lan Anh] RMIT Univ, Melbourne, Vic, Australia"
"[Chen, Jeff Zeyun] Texas Christian Univ, Ft Worth, TX 76129 USA; [Chen, Mei-Hui] Natl Def Univ, Washington, DC 20319 USA; [Chin, Chen-Lung] Natl Chengchi Univ, Taipei, Taiwan; [Lobo, Gerald J.] Univ Houston, Houston, TX 77004 USA"
"[Chang, Wen-Ching; Chen, Jui-Pin] Natl Changhua Univ Educ, Dept Accounting, Changhua, Taiwan"
"[Defond, Mark L.; Zhang, Fan] Univ Southern Calif, Leventhal Sch Accounting, Los Angeles, CA 90007 USA; [Zhang, Jieying] Univ Texas Dallas, Naveen Jindal Sch Management, Richardson, TX 75083 USA"
"[Deng, Yingwen; Zhang, Min; Wu, Yaqian] Renmin Univ China, Sch Business, 59 Zhongguancun St, Beijing 100872, Peoples R China; [Xie, Lu] Jinan Univ, Sch Management, 601 Huangpu Ave West, Guangzhou 510632, Peoples R China"
"[Sun, Jinghui; Wang, Jianling; Qi, Baolei] Xi An Jiao Tong Univ, Sch Management, Dept Accounting & Finance, Xian 710049, Shaanxi, Peoples R China; [Sun, Jinghui] Xian Univ Posts & Telecommun, Xian 710061, Shaanxi, Peoples R China; [Kent, Pamela] Queensland Univ Technol, Sch Accountancy, Garden Point Campus,2 George St, Brisbane, Qld 4000, Australia; [Kent, Pamela] Univ Adelaide, 10 Pulteney St, Adelaide, SA 5005, Australia"
"[Zhang, Rui; Tian, Gaoliang; Fonseka, Mohan M.] Xi An Jiao Tong Univ, Sch Management, Xian, Shaanxi, Peoples R China; [Zhang, Rui; Wong, Raymond M. K.] City Univ Hong Kong, Coll Business, Hong Kong, Peoples R China"
"[Gong, Guangming; Xiao, Liang] Hunan Univ, Business Sch, Changsha 410079, Hunan, Peoples R China; [Xu, Si] South China Normal Univ, Sch Econ & Management, Guangzhou 510006, Guangdong, Peoples R China; [Gong, Xun] Hunan Univ, Coll Finance & Stat, Changsha 410079, Hunan, Peoples R China"
"[Burke, Jenna J.] Univ Colorado Denver, Denver, CO 80204 USA; [Hoitash, Rani] Bentley Univ, Waltham, MA 02452 USA; [Hoitash, Udi] Northeastern Univ, Boston, MA 02115 USA"
"[Wang, Yun; Li, Yanxi; Song, Jinbo] Dalian Univ Technol, Sch Econ & Management, Dalian 116024, Peoples R China; [Ma, Zhuang] Hangzhou Dianzi Univ, Sch Accounting, Hangzhou 310018, Zhejiang, Peoples R China"
"[Kallunki, Jenni; Kallunki, Juha-Pekka] Univ Oulu, Oulu, Finland; [Kallunki, Juha-Pekka; Niemi, Lasse] Aalto Univ, Espoo, Finland; [Kallunki, Juha-Pekka; Nilsson, Henrik] Stockholm Sch Econ, Stockholm, Sweden"
"[De Fuentes, Cristina; Porcuna, Ruben] Univ Valencia, Fac Econ, Valencia, Spain"
"[Ocak, Murat] Trakya Univ, Edirne, Turkey; [Can, Gokberk] Amer Univ Middle East, Coll Business Adm, Kuwait, Kuwait"
"[Pinto, Ines; Morais, Ana Isabel] Univ Lisbon, ISEG Lisbon Sch Econ & Management, Advance CSG, Lisbon, Portugal"
"[Gul, Ferdinand A.] Deakin Univ, Geelong, Vic, Australia; [Lim, Chee Yeow] Singapore Management Univ, Singapore, Singapore; [Wang, Kun] Tsinghua Univ, Beijing, Peoples R China; [Xu, Yanping] Jinan Univ, Jinan, Shandong, Peoples R China"
"[Kung, Fan-Hua; Chang, Yu-Shan; Zhou, Minting] Tamkang Univ, Dept Accounting, New Taipei, Taiwan"
"[He, Xianjie] Shanghai Univ Finance & Econ, Shanghai, Peoples R China; [Kothari, S. P.] MIT, 77 Massachusetts Ave, Cambridge, MA 02139 USA; [Xiao, Tusheng] Cent Univ Finance & Econ, Beijing, Peoples R China; [Zuo, Luo] Cornell Univ, Ithaca, NY 14853 USA"
"[Che, Limei] Univ South Eastern Norway, Notodden, Norway; [Langli, John Christian] Umea Sch Business Econ & Stat, Umea, Sweden; [Langli, John Christian; Svanstrom, Tobias] BI Norwegian Business Sch, Oslo, Norway"
"[Lennox, Clive S.] Univ Southern Calif, Los Angeles, CA 90089 USA; [Wu, Xi] Cent Univ Finance & Econ, Beijing, Peoples R China"
"[Cameran, Mara; Ditillo, Angelo; Pettinicchio, Angela] Bocconi Univ, Dept Accounting, Milan, Italy"